"date","id_18","id_20","id_22","id_24","id_26","id_28","id_30","id_32","id_34","id_36","id_tp"
"2019-08-28",0,0,0,0,0,0,1,1,0,0,2
"2019-08-29",31,31,34,36,35,34,34,31,0,0,56
"2019-08-30",29,25,26,26,23,22,24,16,0,0,32
"2019-08-31",25,26,28,28,27,27,28,24,0,0,42
"2019-09-01",25,26,27,28,26,20,22,19,0,0,38
"2019-09-02",21,22,20,23,24,21,21,17,0,0,37
"2019-09-03",27,24,24,24,22,24,19,18,0,0,33
"2019-09-04",26,24,22,31,26,18,20,17,0,0,42
"2019-09-05",21,22,21,21,22,21,18,13,0,0,35
"2019-09-06",21,19,24,23,25,20,20,19,0,0,38
"2019-09-07",26,28,25,24,22,21,20,17,0,0,38
"2019-09-08",24,27,24,28,23,23,19,16,0,0,35
"2019-09-09",24,20,21,23,25,22,20,19,0,0,39
"2019-09-10",26,21,25,19,21,21,17,14,0,0,35
"2019-09-11",22,22,24,22,19,17,16,16,0,0,33
"2019-09-12",22,22,26,24,25,23,19,19,0,0,38
"2019-09-13",25,24,22,24,27,23,24,19,0,0,44
"2019-09-14",8,7,8,6,7,7,6,5,0,0,10
"2019-09-16",18,18,18,17,17,15,12,11,0,0,22
"2019-09-17",9,9,11,13,12,13,7,6,0,0,36
"2019-09-18",9,11,8,11,12,7,5,5,0,0,30
"2019-09-19",38,38,41,39,40,38,32,25,0,0,45
"2019-09-20",37,38,35,38,36,39,26,17,0,0,49
"2019-09-21",25,26,26,25,28,24,23,19,0,0,40
"2019-09-22",23,25,25,27,27,22,21,18,0,0,39
"2019-09-23",29,32,34,34,30,27,23,17,0,0,43
"2019-09-24",21,22,23,21,20,18,18,15,0,0,31
"2019-09-25",5,5,4,6,6,7,4,3,0,0,9
"2019-09-26",42,41,41,40,41,40,28,18,0,0,49
"2019-09-27",33,29,33,32,36,34,24,12,0,0,44
"2019-09-28",22,27,22,21,22,24,18,10,0,0,34
"2019-09-29",22,24,27,22,25,27,19,13,0,0,43
"2019-09-30",35,33,35,32,32,31,25,10,0,0,39
"2019-10-01",29,27,27,30,28,32,23,10,0,0,41
"2019-10-02",26,25,26,25,24,25,20,9,0,0,36
"2019-10-03",19,19,23,23,23,24,17,8,0,0,37
"2019-10-04",30,37,33,34,30,32,16,13,0,0,43
"2019-10-05",24,24,28,24,28,25,17,9,0,0,44
"2019-10-06",26,25,28,25,25,27,21,14,0,0,40
"2019-10-07",30,29,29,32,28,33,17,11,0,0,45
"2019-10-08",25,27,24,25,29,26,17,12,0,0,38
"2019-10-09",28,24,26,29,29,26,22,21,0,0,42
"2019-10-10",15,16,16,15,13,15,16,14,0,0,24
"2019-10-11",36,35,34,32,33,28,29,23,0,0,46
"2019-10-12",26,27,27,29,28,31,29,19,0,0,46
"2019-10-13",33,33,36,38,31,30,37,27,0,0,49
"2019-10-14",33,30,31,32,31,32,26,23,0,0,46
"2019-10-15",32,31,31,36,38,32,35,26,0,0,48
"2019-10-16",37,37,37,35,38,36,33,26,0,0,54
"2019-10-17",30,32,32,29,28,30,29,23,0,0,48
"2019-10-18",36,33,31,33,31,35,28,25,0,0,43
"2019-10-19",15,16,16,16,18,17,14,15,0,0,29
"2019-10-20",35,33,34,37,33,35,30,27,0,0,52
"2019-10-21",42,42,42,42,39,38,33,25,0,0,59
"2019-10-22",32,32,31,31,31,30,29,17,0,0,48
"2019-10-23",20,23,21,22,21,19,17,10,0,0,54
"2019-10-24",22,23,30,29,25,24,20,18,0,0,54
"2019-10-25",25,23,24,25,23,26,20,16,0,0,49
"2019-10-26",27,25,28,26,27,25,24,20,1,0,50
"2019-10-27",37,36,34,34,38,38,30,24,0,0,54
"2019-10-28",32,30,33,33,35,32,33,28,0,0,50
"2019-10-29",40,46,47,57,50,50,38,34,0,0,54
"2019-10-30",2,2,3,2,3,2,3,2,0,0,3
"2019-10-31",61,53,51,52,50,55,41,38,0,0,53
"2019-11-01",52,53,53,58,58,58,43,23,0,0,56
"2019-11-02",44,43,43,40,40,42,38,25,0,0,47
"2019-11-03",47,48,49,52,50,49,36,25,0,0,44
"2019-11-04",43,44,42,42,47,41,36,30,0,0,50
"2019-11-05",56,52,53,55,54,54,50,44,1,0,59
"2019-11-06",47,47,47,48,47,48,39,34,0,0,57
"2019-11-07",58,56,56,53,53,54,51,42,1,0,59
"2019-11-08",50,46,49,49,48,49,44,32,0,0,57
"2019-11-09",41,39,42,41,43,41,39,25,0,0,53
"2019-11-10",46,50,49,48,48,45,44,41,0,0,58
"2019-11-11",50,52,52,55,51,50,46,41,0,0,60
"2019-11-12",47,45,44,48,49,46,34,33,0,0,56
"2019-11-13",47,48,48,48,47,45,35,28,0,0,54
"2019-11-14",32,35,35,34,34,34,31,28,0,0,39
"2019-11-15",56,54,55,54,55,56,49,29,0,0,61
"2019-11-16",62,65,66,64,60,59,57,26,0,0,68
"2019-11-17",55,57,58,59,59,55,47,27,0,0,59
"2019-11-18",57,55,57,60,60,56,53,41,1,0,64
"2019-11-19",46,45,44,45,46,44,41,33,0,0,48
"2019-11-20",55,55,55,55,52,52,47,40,0,0,60
"2019-11-21",65,64,65,64,63,63,55,52,0,0,68
"2019-11-22",58,57,57,58,55,58,55,47,0,0,59
"2019-11-23",56,55,56,54,54,53,48,44,0,0,64
"2019-11-24",55,56,60,58,61,56,52,45,0,0,62
"2019-11-25",61,58,56,57,56,55,56,46,0,0,65
"2019-11-26",51,50,48,47,46,46,49,36,1,0,57
"2019-11-27",46,45,43,45,44,47,44,42,0,0,48
"2019-11-28",52,56,54,54,53,52,49,46,0,0,60
"2019-11-29",50,51,55,56,53,52,45,43,0,0,62
"2019-11-30",51,50,53,51,53,51,47,45,0,0,60
"2019-12-01",49,47,50,46,47,42,44,37,0,0,52
"2019-12-02",9,8,8,10,7,7,7,5,0,0,11
"2019-12-03",40,43,40,44,43,43,37,23,0,0,48
"2019-12-04",50,49,47,49,49,49,47,34,1,0,52
"2019-12-05",52,53,54,55,54,56,53,37,0,0,59
"2019-12-06",59,57,56,58,59,60,54,41,0,0,63
"2019-12-07",49,45,44,45,48,44,40,35,0,0,56
"2019-12-08",58,57,58,59,54,54,50,42,0,0,61
"2019-12-09",51,53,54,53,53,54,52,47,0,0,59
"2019-12-10",45,48,47,50,49,44,43,41,0,0,53
"2019-12-11",54,53,55,52,56,56,56,42,0,0,62
"2019-12-12",53,55,55,52,55,52,50,44,0,0,64
"2019-12-13",58,59,55,54,54,53,55,44,0,0,61
"2019-12-14",47,48,46,49,53,49,46,37,0,0,49
"2019-12-15",37,35,36,37,37,36,34,34,0,0,45
"2019-12-16",34,35,33,34,35,34,32,28,0,0,32
"2019-12-17",60,54,56,60,56,58,52,45,0,0,60
"2019-12-18",56,56,55,55,57,57,51,42,0,0,54
"2019-12-19",53,47,53,54,55,53,52,45,0,0,57
"2019-12-20",52,54,52,52,48,50,47,41,0,0,56
"2019-12-21",46,45,46,45,44,49,45,36,0,0,47
"2019-12-22",20,21,21,22,22,22,19,16,0,0,20
"2019-12-23",58,59,59,56,59,57,54,45,0,0,58
"2019-12-24",60,54,55,56,60,54,50,44,1,0,56
"2019-12-25",48,48,53,49,53,49,42,36,0,0,56
"2019-12-26",49,49,46,49,45,51,42,35,0,0,54
"2019-12-27",64,60,64,62,61,63,56,45,0,0,66
"2019-12-28",52,53,52,53,54,52,49,43,0,0,60
"2019-12-29",52,55,57,60,58,53,47,42,0,0,65
"2019-12-30",49,50,53,52,53,51,43,39,0,0,59
"2019-12-31",51,49,52,52,49,46,43,35,0,0,53
"2020-01-01",54,55,55,53,54,54,49,39,0,0,65
"2020-01-02",44,46,49,48,47,46,42,37,0,0,56
"2020-01-03",61,65,59,61,62,63,54,46,0,0,64
"2020-01-04",55,55,53,50,52,49,46,40,0,0,60
"2020-01-05",59,60,58,59,57,60,57,47,0,0,64
"2020-01-06",53,52,50,51,51,54,45,39,0,0,57
"2020-01-07",38,38,40,39,39,39,35,32,0,0,45
"2020-01-08",47,44,49,50,52,49,45,39,0,0,61
"2020-01-09",42,39,49,52,47,47,44,40,0,0,54
"2020-01-10",52,48,47,51,46,46,40,35,0,0,61
"2020-01-11",52,48,48,51,46,47,45,39,0,0,61
"2020-01-12",25,26,26,26,26,27,25,24,0,0,30
"2020-01-13",42,39,41,37,39,37,30,29,0,0,47
"2020-01-14",49,49,41,47,46,48,44,35,0,0,51
"2020-01-15",22,25,25,23,21,21,22,20,0,0,27
"2020-01-16",53,55,56,51,51,51,45,39,0,0,54
"2020-01-17",56,54,59,59,57,54,57,45,0,0,63
"2020-01-18",55,57,55,55,51,52,52,43,0,0,60
"2020-01-19",59,58,57,55,54,51,47,40,0,0,63
"2020-01-20",55,52,53,52,48,48,44,34,0,0,58
"2020-01-21",49,54,53,50,50,51,43,33,0,0,63
"2020-01-22",34,35,36,34,33,32,28,24,1,0,34
"2020-01-23",17,16,17,17,18,17,15,14,0,0,19
"2020-01-24",53,53,52,53,55,52,47,37,0,0,55
"2020-01-25",36,36,37,39,41,37,31,27,0,0,47
"2020-01-26",55,50,55,55,51,56,49,35,0,0,64
"2020-01-27",53,49,47,46,50,48,44,36,0,0,60
"2020-01-28",49,49,52,51,52,49,48,25,0,0,57
"2020-01-29",58,57,52,56,55,54,49,34,0,0,59
"2020-01-30",60,58,58,58,56,56,56,39,0,0,64
"2020-01-31",51,53,55,57,57,55,44,29,0,0,59
"2020-02-01",53,55,53,56,56,56,42,26,0,0,63
"2020-02-02",48,45,50,47,45,44,36,28,0,0,53
"2020-02-03",53,53,54,54,52,50,46,34,0,0,59
"2020-02-04",51,51,49,51,55,51,47,31,0,0,60
"2020-02-05",58,59,57,57,54,53,46,36,0,0,62
"2020-02-06",59,57,58,56,57,53,48,37,0,0,65
"2020-02-07",59,57,60,61,61,59,55,45,0,0,65
"2020-02-08",66,64,65,66,63,66,66,55,1,0,68
"2020-02-09",66,64,66,66,65,65,60,49,0,0,62
"2020-02-10",54,56,62,63,62,58,53,37,0,0,59
"2020-02-11",55,53,55,56,55,54,46,28,0,0,56
"2020-02-12",55,58,56,60,55,54,51,34,1,0,60
"2020-02-13",54,50,46,52,52,50,45,31,0,0,59
"2020-02-14",50,45,45,46,45,45,38,30,0,0,53
"2020-02-15",54,54,55,54,53,52,50,35,0,0,60
"2020-02-16",58,57,57,58,60,56,52,39,0,0,65
"2020-02-17",47,47,49,50,50,50,46,33,0,0,53
"2020-02-18",53,47,46,49,50,47,49,32,0,0,51
"2020-02-19",32,31,29,27,31,31,35,13,0,0,42
"2020-02-20",17,17,17,14,14,13,11,9,0,0,15
"2020-02-21",42,44,44,45,42,44,48,22,1,0,51
"2020-02-22",66,66,66,67,67,68,68,50,0,0,66
"2020-02-23",62,60,60,60,62,60,60,41,0,0,57
"2020-02-24",66,64,65,65,65,66,64,42,0,0,63
"2020-02-25",59,57,57,56,58,60,54,41,0,0,60
"2020-02-26",63,61,65,65,64,60,56,44,0,0,64
"2020-02-27",41,45,43,44,44,44,40,36,0,0,44
"2020-02-28",62,58,62,61,60,58,53,48,0,0,67
"2020-02-29",59,61,64,58,59,63,57,45,0,0,64
"2020-03-01",55,54,54,57,56,55,53,40,0,0,54
"2020-03-02",58,60,59,59,57,58,55,43,0,0,54
"2020-03-03",52,50,50,51,51,49,45,40,0,0,52
"2020-03-04",47,47,46,48,47,46,44,30,0,0,41
"2020-03-05",54,55,53,55,53,53,49,41,0,0,59
"2020-03-06",48,46,47,42,43,42,39,32,0,0,53
"2020-03-07",47,49,48,46,44,44,42,34,0,0,60
"2020-03-08",52,56,53,53,51,54,52,44,0,0,60
"2020-03-09",69,69,70,69,69,66,64,59,0,0,68
"2020-03-10",62,58,57,59,60,59,54,42,0,0,59
"2020-03-11",54,59,57,57,54,53,50,42,0,0,60
"2020-03-12",57,56,56,56,59,58,52,39,0,0,57
"2020-03-13",50,51,53,53,51,53,45,33,0,0,57
"2020-03-14",61,60,59,58,61,59,56,46,0,0,64
"2020-03-15",58,58,56,56,55,55,51,35,0,0,57
"2020-03-16",55,54,53,55,51,50,43,33,0,0,58
"2020-03-17",58,55,55,56,55,51,47,33,0,0,59
"2020-03-18",58,61,62,60,59,56,53,37,0,0,63
"2020-03-19",63,61,63,63,62,59,52,42,0,0,65
"2020-03-20",53,48,49,50,51,51,48,41,0,0,55
"2020-03-21",62,61,67,66,66,63,56,48,0,0,66
"2020-03-22",54,54,53,55,54,56,48,43,0,0,61
"2020-03-23",59,59,57,60,63,57,53,44,0,0,62
"2020-03-24",27,26,27,26,28,28,26,23,0,0,29
"2020-03-25",58,57,60,59,59,57,50,43,0,0,64
"2020-03-26",60,61,62,63,65,62,58,45,0,0,65
"2020-03-27",59,60,59,59,61,55,53,38,0,0,60
"2020-03-28",59,59,59,59,57,57,46,34,0,0,50
"2020-03-29",56,60,58,57,56,53,50,39,0,0,54
"2020-03-30",51,50,54,52,51,52,48,31,0,0,46
"2020-03-31",62,61,56,57,58,57,53,33,0,0,54
"2020-04-01",59,50,61,61,60,64,55,41,0,0,63
"2020-04-02",57,57,55,57,56,58,51,41,0,0,61
"2020-04-03",41,40,44,40,41,38,34,30,0,0,44
"2020-04-04",70,70,68,68,67,65,61,54,0,0,68
"2020-04-05",59,59,62,62,61,61,54,44,0,0,66
"2020-04-06",64,61,63,61,62,61,58,42,0,0,67
"2020-04-07",47,46,46,48,49,49,46,35,0,0,48
"2020-04-08",48,49,53,51,58,56,50,37,0,0,63
"2020-04-09",58,57,62,65,63,59,54,39,0,0,62
"2020-04-10",57,59,59,61,60,60,53,40,0,0,63
"2020-04-11",58,55,53,55,56,53,44,34,0,0,63
"2020-04-12",41,40,38,39,37,38,31,23,0,0,46
"2020-04-13",63,61,60,58,60,59,49,40,0,0,63
"2020-04-14",62,65,62,65,61,62,53,39,0,0,67
"2020-04-15",55,54,52,55,52,53,46,33,0,0,61
"2020-04-16",56,58,55,56,58,58,44,31,1,0,60
"2020-04-17",60,59,62,60,63,61,48,39,0,0,66
"2020-04-18",57,51,52,53,51,49,42,32,0,0,60
"2020-04-19",64,61,59,60,61,57,50,40,0,0,60
"2020-04-20",61,59,60,61,61,57,51,40,0,0,65
"2020-04-21",57,57,61,58,55,55,44,29,0,0,54
"2020-04-22",59,57,59,61,62,61,54,35,0,0,57
"2020-04-23",60,62,59,61,61,57,45,35,0,0,59
"2020-04-24",55,52,54,52,52,54,42,34,0,0,59
"2020-04-25",57,59,60,58,57,57,46,36,0,0,60
"2020-04-26",51,44,34,54,52,53,42,35,0,0,56
"2020-04-27",55,48,44,55,54,56,48,36,0,0,61
"2020-04-28",54,54,57,53,54,52,43,30,0,0,59
"2020-04-29",63,66,63,62,62,60,49,37,0,0,63
"2020-04-30",54,53,55,54,52,53,42,28,0,0,57
"2020-05-01",61,61,63,65,65,62,50,36,0,0,63
"2020-05-02",56,57,58,58,55,55,49,30,0,0,61
"2020-05-03",51,46,51,53,54,55,37,30,0,0,59
"2020-05-04",55,57,59,59,59,60,49,33,0,0,57
"2020-05-05",52,49,55,53,55,55,45,33,0,0,64
"2020-05-06",33,34,34,33,35,33,20,13,0,0,46
"2020-05-07",58,56,54,57,54,58,38,17,0,0,60
"2020-05-08",50,49,49,50,51,52,44,31,0,0,48
"2020-05-09",69,64,65,66,67,64,57,42,0,0,61
"2020-05-10",58,57,59,56,56,51,46,32,0,0,50
"2020-05-11",63,62,64,66,63,60,44,38,0,0,61
"2020-05-12",50,50,51,49,52,48,40,32,0,0,55
"2020-05-13",58,57,57,58,59,56,47,39,0,0,56
"2020-05-14",61,60,62,62,61,59,49,42,0,0,64
"2020-05-15",37,38,38,41,41,42,33,24,0,0,55
"2020-05-16",49,52,50,50,53,53,39,33,0,0,55
"2020-05-17",69,66,67,67,70,68,59,48,0,0,65
"2020-05-18",57,57,58,57,61,59,44,37,0,0,56
"2020-05-19",49,46,48,45,45,45,32,27,0,0,53
"2020-05-20",39,38,41,43,42,39,32,24,1,0,48
"2020-05-21",65,65,66,67,67,66,57,53,3,0,63
"2020-05-22",56,56,57,58,58,57,56,46,3,0,55
"2020-05-23",66,58,69,69,69,69,64,55,1,0,61
"2020-05-24",65,61,63,65,64,63,47,41,0,0,62
"2020-05-25",64,61,59,56,54,55,50,37,1,0,55
"2020-05-26",42,33,49,51,48,51,48,37,0,0,55
"2020-05-27",53,51,54,53,52,55,52,40,0,0,55
"2020-05-28",50,49,51,51,52,50,46,38,2,0,58
"2020-05-29",33,32,34,33,34,33,27,23,1,0,31
"2020-05-30",42,40,43,42,47,45,39,31,1,0,45
"2020-05-31",55,56,57,55,59,57,48,42,1,0,61
"2020-06-01",65,66,65,66,66,66,62,54,0,0,63
"2020-06-02",61,60,60,57,64,63,56,43,0,0,60
"2020-06-03",59,60,58,62,58,55,50,46,0,0,61
"2020-06-04",52,51,56,54,55,54,52,43,0,0,59
"2020-06-05",46,45,47,46,44,44,34,29,0,0,47
"2020-06-06",64,62,62,62,63,61,55,43,0,0,65
"2020-06-07",57,56,56,58,55,57,53,41,0,0,60
"2020-06-08",47,40,50,46,52,49,44,37,0,0,54
"2020-06-09",57,55,58,58,53,54,42,37,0,0,60
"2020-06-10",38,38,39,43,38,37,34,27,0,0,45
"2020-06-11",41,42,40,41,37,39,32,26,0,0,47
"2020-06-12",58,59,61,62,60,59,54,45,0,0,64
"2020-06-13",60,61,59,59,61,60,56,44,0,0,61
"2020-06-14",51,45,58,62,56,54,53,36,0,0,50
"2020-06-15",61,60,61,59,58,55,54,40,0,0,49
"2020-06-16",45,48,50,48,51,52,47,31,0,0,47
"2020-06-17",70,69,70,70,68,63,58,42,0,0,55
"2020-06-18",57,47,55,55,55,52,45,32,0,0,52
"2020-06-19",53,51,47,57,54,52,39,30,0,0,44
"2020-06-20",60,58,60,61,62,63,55,46,0,0,59
"2020-06-21",62,58,63,60,61,58,50,36,0,0,54
"2020-06-22",54,54,56,54,53,53,42,33,0,0,51
"2020-06-23",57,52,54,55,57,52,44,36,0,0,50
"2020-06-24",52,52,57,55,55,56,45,36,0,0,47
"2020-06-25",59,59,61,63,62,60,51,42,0,0,52
"2020-06-26",46,49,51,53,50,49,38,32,0,0,41
"2020-06-27",40,39,41,41,41,39,31,26,0,0,43
"2020-06-28",58,60,61,56,54,53,45,34,0,0,55
"2020-06-29",58,58,63,61,61,54,56,38,0,0,53
"2020-06-30",62,62,66,63,61,57,51,39,0,0,60
"2020-07-01",60,61,61,60,60,56,54,39,0,0,60
"2020-07-02",60,55,59,59,60,58,51,39,0,0,56
"2020-07-03",60,60,60,63,64,64,55,41,0,0,60
"2020-07-04",44,44,42,42,43,39,37,31,0,0,42
"2020-07-05",62,62,60,59,61,63,53,46,0,0,62
"2020-07-06",53,52,53,50,50,47,46,35,0,0,48
"2020-07-07",60,58,58,57,58,58,57,42,0,0,52
"2020-07-08",59,58,59,59,58,59,51,38,0,0,55
"2020-07-09",49,52,50,51,46,49,45,35,0,0,42
"2020-07-10",54,49,40,59,56,56,52,38,1,0,51
"2020-07-11",49,46,34,50,49,48,41,34,0,0,44
"2020-07-12",58,51,44,54,56,51,47,33,0,0,51
"2020-07-13",49,48,45,50,53,52,50,30,0,0,45
"2020-07-14",67,66,65,61,59,62,57,38,0,0,65
"2020-07-15",67,63,63,62,62,63,62,47,0,0,65
"2020-07-16",61,63,61,60,61,58,56,46,0,0,64
"2020-07-17",58,57,57,55,58,57,49,32,0,0,57
"2020-07-18",39,38,40,39,39,41,39,22,0,0,44
"2020-07-19",60,62,60,63,62,58,58,37,0,0,64
"2020-07-20",57,60,62,58,60,53,54,45,0,0,64
"2020-07-21",55,53,55,53,57,58,48,39,0,0,51
"2020-07-22",58,60,56,58,59,52,54,38,0,0,54
"2020-07-23",57,56,56,57,58,58,50,32,0,0,56
"2020-07-24",55,52,47,58,60,56,45,37,0,0,54
"2020-07-25",55,55,56,58,56,53,47,35,0,0,59
"2020-07-26",56,52,55,54,54,53,48,37,1,0,50
"2020-07-27",56,56,56,57,56,56,49,38,1,0,52
"2020-07-28",65,65,66,67,67,65,64,35,1,0,61
"2020-07-29",59,59,60,61,63,55,52,38,0,0,60
"2020-07-30",53,54,54,55,54,54,47,34,1,0,52
"2020-07-31",57,55,56,53,52,51,43,33,1,0,49
"2020-08-01",60,55,59,61,60,58,58,43,0,0,57
"2020-08-02",49,39,42,61,60,57,49,39,0,0,56
"2020-08-03",51,40,39,60,59,58,48,35,1,0,55
"2020-08-04",47,47,44,53,53,52,41,32,1,0,51
"2020-08-05",63,62,62,63,63,60,56,43,1,0,53
"2020-08-06",44,46,46,45,45,45,39,29,2,0,47
"2020-08-07",59,55,61,61,59,54,52,42,1,0,55
"2020-08-08",54,55,54,54,54,58,48,35,1,0,51
"2020-08-09",60,60,59,61,60,63,54,41,1,0,58
"2020-08-10",58,56,54,55,58,54,48,33,0,0,51
"2020-08-11",56,56,56,56,58,55,47,31,1,0,52
"2020-08-12",58,57,58,58,55,54,50,35,2,0,56
"2020-08-13",56,57,59,60,59,54,49,48,0,0,56
"2020-08-14",57,56,57,56,58,58,53,51,0,0,57
"2020-08-15",59,54,65,64,62,62,57,46,0,0,63
"2020-08-16",54,46,63,61,61,60,51,45,0,0,56
"2020-08-17",64,60,58,60,61,56,52,43,0,0,54
"2020-08-18",61,62,61,59,59,57,56,59,0,0,59
"2020-08-19",61,60,62,60,59,61,57,53,0,0,50
"2020-08-20",45,46,44,45,47,47,48,40,0,0,57
"2020-08-21",44,45,47,45,44,41,43,47,0,0,53
"2020-08-22",58,58,56,55,53,52,52,47,0,0,61
"2020-08-23",55,57,56,52,58,56,48,48,0,0,63
"2020-08-24",68,67,67,67,67,67,62,56,0,0,67
"2020-08-25",66,64,64,64,66,66,64,49,0,0,58
"2020-08-26",60,57,62,61,58,56,53,40,0,0,53
"2020-08-27",59,58,61,60,62,61,54,43,0,0,55
"2020-08-28",54,57,57,58,55,53,52,46,0,0,51
"2020-08-29",63,61,66,67,66,65,60,58,0,0,64
"2020-08-30",59,59,57,56,57,58,52,36,0,0,53
"2020-08-31",59,57,58,59,59,58,51,39,0,0,56
"2020-09-01",54,52,58,58,58,56,52,39,0,0,51
"2020-09-02",60,54,50,64,61,58,51,43,0,0,54
"2020-09-03",64,61,56,63,60,60,56,41,0,0,54
"2020-09-04",55,54,59,60,58,59,51,47,0,0,52
"2020-09-05",60,59,61,60,60,60,59,36,0,0,54
"2020-09-06",62,61,61,64,60,58,57,41,0,0,54
"2020-09-07",63,62,63,64,65,66,52,42,0,0,54
"2020-09-08",53,50,55,55,56,54,48,36,0,0,52
"2020-09-09",62,60,58,57,61,62,52,37,0,0,58
"2020-09-10",49,51,51,54,53,54,49,33,0,0,53
"2020-09-11",70,67,67,66,66,63,58,51,0,0,57
"2020-09-12",60,56,57,60,61,57,53,40,0,0,52
"2020-09-13",58,54,58,59,57,57,52,36,0,0,50
"2020-09-14",61,60,58,57,59,59,56,37,0,0,50
"2020-09-15",56,52,54,58,53,53,44,35,0,0,46
"2020-09-16",68,62,61,63,61,63,56,46,0,0,58
"2020-09-17",59,55,59,62,61,59,48,40,0,0,49
"2020-09-18",62,61,65,60,64,61,61,41,0,0,51
"2020-09-19",59,59,57,60,60,56,52,37,0,0,49
"2020-09-20",62,58,62,65,64,59,55,38,0,0,58
"2020-09-21",60,59,49,40,60,56,46,37,0,0,49
"2020-09-22",43,39,44,32,62,60,56,45,0,0,56
"2020-09-23",49,38,60,55,56,50,47,40,0,0,50
"2020-09-24",58,58,58,61,59,56,46,42,0,0,46
"2020-09-25",63,64,63,63,61,63,57,43,0,0,53
"2020-09-26",64,64,62,61,63,62,51,41,0,0,54
"2020-09-27",61,58,61,58,57,56,49,41,0,0,56
"2020-09-28",53,49,54,52,54,58,53,38,0,0,57
"2020-09-29",40,43,40,41,42,43,32,24,0,0,45
"2020-09-30",67,66,67,66,67,66,60,48,0,0,64
"2020-10-01",59,55,61,62,60,60,56,51,0,0,61
"2020-10-02",44,43,45,43,45,44,36,24,0,0,49
"2020-10-03",52,52,54,52,54,51,46,40,0,0,48
"2020-10-04",62,63,64,63,62,58,54,46,0,0,56
"2020-10-05",57,57,61,64,62,61,54,39,0,0,58
"2020-10-06",61,61,63,62,61,58,54,43,0,0,53
"2020-10-07",54,50,56,56,53,51,49,39,0,0,44
"2020-10-08",41,44,41,42,43,43,41,33,0,0,48
"2020-10-09",64,61,63,64,62,57,52,42,0,0,48
"2020-10-10",55,57,60,59,59,57,55,40,0,0,47
"2020-10-11",57,56,55,53,56,53,43,32,0,0,44
"2020-10-12",48,41,35,47,47,46,37,30,0,0,38
"2020-10-13",54,50,41,56,57,59,45,34,0,0,44
"2020-10-14",49,43,39,54,54,52,43,34,0,0,47
"2020-10-15",54,53,53,55,58,60,49,31,0,0,54
"2020-10-16",40,41,43,43,43,43,37,18,0,0,36
"2020-10-17",62,58,63,62,59,62,64,41,0,0,63
"2020-10-18",66,65,60,65,64,68,65,45,0,0,59
"2020-10-19",65,66,64,63,65,63,63,50,0,0,54
"2020-10-20",61,64,61,62,62,61,58,48,0,0,58
"2020-10-21",62,60,61,64,64,65,61,44,0,0,54
"2020-10-22",54,55,55,55,56,56,51,41,0,0,36
"2020-10-23",52,52,52,55,56,53,47,36,0,0,40
"2020-10-24",57,57,58,58,56,57,58,43,0,0,48
"2020-10-25",51,56,54,55,52,54,50,37,0,0,40
"2020-10-26",45,37,50,51,53,55,49,33,0,0,38
"2020-10-27",44,34,53,57,53,49,51,39,0,0,47
"2020-10-28",54,57,57,55,55,55,53,41,0,0,44
"2020-10-29",61,58,59,64,58,60,54,44,0,0,53
"2020-10-30",56,60,59,59,59,54,53,41,0,0,51
"2020-10-31",63,63,62,65,63,60,58,46,0,0,57
"2020-11-01",60,57,60,61,62,61,58,53,0,0,54
"2020-11-02",66,68,65,67,68,65,68,55,0,0,63
"2020-11-03",65,67,67,66,65,65,62,52,0,0,60
"2020-11-04",62,63,62,64,64,62,61,47,0,0,58
"2020-11-05",60,61,61,59,61,60,52,50,0,0,47
"2020-11-06",62,60,64,63,61,60,64,59,0,0,55
"2020-11-07",60,62,59,64,58,59,56,40,0,0,51
"2020-11-08",61,62,64,62,63,59,56,41,0,0,55
"2020-11-09",50,44,57,56,60,60,50,46,0,0,55
"2020-11-10",54,55,55,55,55,55,49,45,0,0,54
"2020-11-11",57,61,60,56,57,58,58,53,0,0,57
"2020-11-12",59,60,58,57,58,56,55,60,0,0,53
"2020-11-13",63,62,64,60,62,64,55,65,0,0,60
"2020-11-14",60,56,58,57,56,56,57,59,1,0,52
"2020-11-15",61,57,61,64,64,65,63,61,0,0,61
"2020-11-16",62,65,64,66,64,64,57,53,2,0,59
"2020-11-17",63,61,63,64,64,64,60,57,1,0,59
"2020-11-18",68,67,66,66,65,64,63,64,0,0,62
"2020-11-19",58,57,65,64,65,62,61,61,1,0,62
"2020-11-20",67,66,65,67,67,66,62,52,5,0,61
"2020-11-21",64,62,63,62,60,64,63,52,11,0,64
"2020-11-22",65,66,63,64,65,64,62,56,3,0,63
"2020-11-23",48,50,51,50,54,53,52,39,1,0,54
"2020-11-24",39,40,43,39,38,38,42,35,6,0,44
"2020-11-25",38,38,41,40,41,42,40,30,1,0,45
"2020-11-26",42,44,43,47,43,41,41,32,4,0,49
"2020-11-27",55,54,54,57,56,57,55,50,1,0,58
"2020-11-28",69,69,68,69,66,67,68,67,1,0,66
"2020-11-29",56,57,59,58,59,59,59,54,1,0,53
"2020-11-30",62,58,65,63,65,65,64,64,1,0,63
"2020-12-01",66,65,69,67,69,70,70,51,2,0,63
"2020-12-02",67,67,68,68,67,69,62,40,9,0,60
"2020-12-03",70,67,61,57,59,51,41,35,3,0,43
"2020-12-04",50,47,46,48,53,48,47,38,3,0,56
"2020-12-05",56,55,54,54,56,55,52,42,1,0,64
"2020-12-06",47,46,49,49,50,54,50,36,7,0,58
"2020-12-07",64,63,61,64,67,66,65,60,7,0,62
"2020-12-08",66,68,69,69,68,66,67,58,3,0,61
"2020-12-09",72,69,72,72,72,72,70,62,2,0,64
"2020-12-10",67,67,68,65,64,61,61,49,2,0,63
"2020-12-11",28,25,27,28,26,28,28,28,2,0,24
"2020-12-12",69,69,71,70,71,69,68,63,2,0,66
"2020-12-13",63,62,61,61,60,60,56,45,0,0,50
"2020-12-14",49,48,49,51,51,50,48,37,1,0,52
"2020-12-15",67,64,64,62,61,66,60,64,0,0,64
"2020-12-16",65,67,68,65,67,67,61,56,2,0,60
"2020-12-17",60,55,56,61,60,57,55,49,2,0,54
"2020-12-18",57,56,61,56,61,57,54,45,1,0,56
"2020-12-19",64,66,64,65,65,64,59,49,0,0,63
"2020-12-20",62,65,66,66,63,61,58,47,0,0,58
"2020-12-21",61,59,57,60,57,58,57,48,1,0,56
"2020-12-22",63,60,62,60,58,59,60,44,0,0,57
"2020-12-23",64,56,64,64,66,67,67,53,1,0,62
"2020-12-24",50,51,51,50,54,50,51,47,0,0,50
"2020-12-25",68,69,69,68,66,65,64,53,1,0,64
"2020-12-26",68,67,68,68,69,69,67,59,0,0,66
"2020-12-27",53,49,56,54,55,55,51,42,1,0,51
"2020-12-28",56,54,56,56,52,49,51,44,2,0,59
"2020-12-29",57,55,58,57,59,58,52,49,1,0,51
"2020-12-30",59,59,60,57,60,62,61,53,2,0,59
"2020-12-31",66,64,63,62,64,65,61,54,9,0,62
"2021-01-01",58,58,56,57,58,56,58,46,4,0,59
"2021-01-02",60,57,60,61,60,58,55,50,16,0,62
"2021-01-03",61,59,59,56,58,63,58,44,14,0,66
"2021-01-04",54,54,57,57,59,55,50,42,11,0,55
"2021-01-05",50,51,52,51,50,51,47,39,5,0,50
"2021-01-06",59,61,62,63,62,62,56,58,1,0,59
"2021-01-07",66,62,64,66,66,65,65,63,2,0,66
"2021-01-08",69,72,71,69,71,70,69,68,2,0,66
"2021-01-09",68,68,69,66,66,65,64,66,2,0,62
"2021-01-10",52,54,56,57,52,54,57,52,1,0,50
"2021-01-11",64,64,61,63,66,63,60,64,2,0,51
"2021-01-12",68,65,68,68,67,64,64,67,1,0,57
"2021-01-13",60,58,60,60,59,63,59,57,11,0,56
"2021-01-14",49,52,54,53,50,50,52,42,15,0,56
"2021-01-15",66,62,69,67,64,64,64,49,14,0,54
"2021-01-16",62,64,63,65,66,65,61,53,7,0,59
"2021-01-17",56,51,56,57,57,54,53,44,5,0,52
"2021-01-18",58,51,56,56,61,59,53,46,3,0,53
"2021-01-19",48,52,51,54,51,52,49,42,5,0,52
"2021-01-20",35,32,34,37,38,36,34,32,7,0,43
"2021-01-21",32,36,31,28,28,29,28,23,6,0,43
"2021-01-22",37,41,42,44,44,44,44,33,11,0,53
"2021-01-23",57,55,55,55,55,55,52,44,6,0,55
"2021-01-24",64,59,60,64,58,62,60,59,0,0,58
"2021-01-25",66,64,69,69,70,70,69,66,3,0,63
"2021-01-26",58,58,59,59,61,61,61,66,1,0,61
"2021-01-27",59,55,56,58,62,59,61,61,0,0,63
"2021-01-28",68,69,68,68,70,69,68,70,14,0,63
"2021-01-29",65,63,64,63,62,65,65,50,22,0,60
"2021-01-30",67,68,69,69,68,67,59,48,22,0,59
"2021-01-31",68,67,66,62,58,50,46,38,14,0,57
"2021-02-01",50,50,47,46,44,46,44,34,13,0,51
"2021-02-02",43,41,43,40,39,44,43,30,8,0,49
"2021-02-03",41,45,42,43,44,41,41,31,9,0,56
"2021-02-04",61,61,60,61,62,62,62,62,1,0,62
"2021-02-05",65,65,65,64,63,65,64,61,0,0,66
"2021-02-06",43,41,39,42,43,40,44,42,0,0,45
"2021-02-07",43,42,40,43,42,40,42,43,0,0,39
"2021-02-08",53,51,51,52,50,52,51,48,18,0,50
"2021-02-09",59,61,58,59,61,60,60,57,16,0,55
"2021-02-10",69,69,70,65,69,69,69,67,18,0,62
"2021-02-11",67,70,68,66,66,70,65,66,27,0,65
"2021-02-12",61,62,61,59,62,60,60,51,13,0,58
"2021-02-13",69,70,68,70,69,68,64,63,18,0,63
"2021-02-14",70,68,69,70,69,69,65,58,21,0,62
"2021-02-15",70,70,69,70,69,68,61,54,14,0,64
"2021-02-16",72,71,72,70,69,65,60,51,17,0,64
"2021-02-17",71,70,69,70,69,71,69,66,22,0,71
"2021-02-18",66,69,70,71,71,67,70,67,8,0,72
"2021-02-19",68,67,66,67,66,67,67,67,0,0,100
"2021-02-20",50,68,65,69,64,67,67,69,0,0,68
"2021-02-21",66,67,69,67,67,67,66,69,0,0,70
"2021-02-22",70,71,71,68,71,69,70,69,14,0,70
"2021-02-23",66,68,67,67,67,69,68,65,33,0,70
"2021-02-24",1,64,62,63,62,62,60,51,21,0,55
"2021-02-25",69,70,70,69,69,67,69,64,21,0,69
"2021-02-26",66,64,66,65,65,62,63,51,23,0,68
"2021-02-27",70,70,71,71,70,70,70,66,24,0,70
"2021-02-28",69,70,69,68,69,67,67,63,26,0,68
"2021-03-01",68,69,69,70,69,69,69,63,24,0,70
"2021-03-02",71,69,69,68,66,65,65,55,24,0,67
"2021-03-03",46,74,74,73,72,71,68,60,24,0,70
"2021-03-04",10,82,77,80,82,82,78,57,21,0,85
"2021-03-05",27,73,74,70,72,69,62,49,13,0,68
"2021-03-06",54,74,71,71,71,71,63,43,19,0,66
"2021-03-07",57,84,78,83,83,81,77,72,4,0,80
"2021-03-08",53,79,82,78,74,80,74,73,0,0,84
"2021-03-09",79,72,75,76,78,74,68,68,0,0,95
"2021-03-10",90,82,91,89,91,91,85,90,0,0,99
"2021-03-11",90,90,91,91,88,90,86,86,0,0,91
"2021-03-12",90,89,90,89,88,85,87,84,0,0,87
"2021-03-13",86,83,88,83,85,80,80,73,10,0,86
"2021-03-14",85,85,87,83,82,81,79,64,17,0,82
"2021-03-15",73,69,71,72,74,71,68,50,16,0,71
"2021-03-16",77,72,73,73,71,69,71,58,19,0,74
"2021-03-17",66,70,64,64,65,64,63,47,9,0,67
"2021-03-18",72,69,72,68,66,65,61,53,9,0,71
"2021-03-19",77,78,77,77,74,74,71,59,20,0,76
"2021-03-20",79,77,81,81,82,82,74,61,14,0,86
"2021-03-21",72,70,66,66,67,66,57,42,13,0,68
"2021-03-22",71,68,73,76,72,71,67,53,17,0,78
"2021-03-23",77,78,79,76,74,67,67,55,15,0,79
"2021-03-24",83,82,82,82,83,79,77,64,18,0,82
"2021-03-25",80,80,81,81,80,79,78,71,1,0,83
"2021-03-26",89,84,85,85,84,84,83,80,0,0,93
"2021-03-27",70,69,66,66,67,64,62,61,0,0,93
"2021-03-28",65,64,67,66,61,59,59,55,0,0,95
"2021-03-29",82,82,84,81,84,86,83,82,0,0,104
"2021-03-30",89,84,88,88,87,88,83,76,0,0,88
"2021-03-31",90,91,92,90,89,88,84,80,0,0,89
"2021-04-01",86,87,85,87,86,85,84,81,0,0,88
"2021-04-02",79,81,80,82,78,78,71,70,15,0,76
"2021-04-03",81,79,78,79,77,78,76,57,17,0,83
"2021-04-04",60,59,59,57,56,56,56,32,9,0,81
"2021-04-05",77,77,76,71,75,76,72,63,18,0,81
"2021-04-06",72,70,71,68,73,70,65,44,16,0,75
"2021-04-07",71,72,69,73,71,69,62,48,24,0,66
"2021-04-08",70,70,67,64,64,60,62,43,23,0,64
"2021-04-09",75,76,75,69,71,72,67,55,36,0,81
"2021-04-10",69,66,66,69,70,66,68,64,18,0,93
"2021-04-11",88,88,89,90,90,89,89,76,15,0,84
"2021-04-12",92,92,92,90,92,86,81,67,16,0,89
"2021-04-13",83,79,83,84,79,79,73,56,15,0,80
"2021-04-14",60,60,63,64,59,54,51,40,15,0,65
"2021-04-15",63,62,59,58,62,57,56,43,21,0,68
"2021-04-16",45,42,43,43,41,42,41,29,8,0,56
"2021-04-17",55,55,53,53,53,52,44,35,11,0,67
"2021-04-18",61,56,58,53,56,55,52,37,11,0,70
"2021-04-19",63,60,60,64,63,65,64,53,2,0,70
"2021-04-20",69,67,67,64,69,62,64,57,0,0,71
"2021-04-21",81,83,85,84,85,85,86,77,19,0,86
"2021-04-22",83,81,82,82,82,83,81,59,11,0,84
"2021-04-23",67,68,67,69,68,66,63,46,13,0,68
"2021-04-24",85,85,86,86,87,84,82,60,16,0,80
"2021-04-25",90,90,91,88,89,88,81,65,21,0,82
"2021-04-26",85,86,84,83,78,78,73,53,17,0,75
"2021-04-27",59,56,50,53,49,47,47,37,14,0,63
"2021-04-28",92,91,90,88,89,86,82,67,16,0,78
"2021-04-29",70,68,71,71,68,70,59,45,9,0,74
"2021-04-30",83,82,80,80,78,76,72,59,30,0,80
"2021-05-01",79,78,79,75,77,74,71,51,13,0,73
"2021-05-02",66,63,64,67,63,65,62,41,14,0,68
"2021-05-03",94,91,90,89,89,86,86,70,18,0,84
"2021-05-04",77,79,78,79,73,73,71,53,5,0,83
"2021-05-05",70,67,62,64,64,63,62,50,17,0,75
"2021-05-06",86,83,81,80,79,77,77,64,11,0,84
"2021-05-07",69,70,72,72,72,67,66,50,12,0,73
"2021-05-08",66,69,68,67,67,65,59,41,17,0,74
"2021-05-09",66,65,65,65,62,59,62,44,11,0,92
"2021-05-10",71,70,66,63,66,64,64,52,15,0,89
"2021-05-11",62,56,54,54,54,55,50,35,17,0,94
"2021-05-12",68,65,65,66,64,62,64,50,28,0,95
"2021-05-13",68,65,65,67,66,66,60,43,16,0,85
"2021-05-14",84,87,86,85,84,86,77,65,21,0,86
"2021-05-15",86,87,85,79,84,79,63,45,27,0,81
"2021-05-16",85,85,83,78,74,73,71,46,23,0,72
"2021-05-17",75,79,73,71,68,66,67,45,24,0,76
"2021-05-18",86,85,86,89,88,90,87,67,36,0,85
"2021-05-19",84,83,80,83,82,82,78,65,31,0,82
"2021-05-20",80,79,80,78,78,77,72,61,38,0,78
"2021-05-21",67,69,67,70,68,69,60,48,24,0,77
"2021-05-22",53,49,51,51,50,48,41,39,40,0,58
"2021-05-23",74,76,75,73,67,67,66,51,31,0,74
"2021-05-24",80,79,80,77,80,78,77,53,35,0,88
"2021-05-25",86,88,82,83,84,84,78,65,24,0,87
"2021-05-26",77,75,78,77,76,74,74,60,28,0,76
"2021-05-27",74,71,70,69,68,69,63,43,19,0,73
"2021-05-28",88,86,87,87,85,83,82,65,33,0,80
"2021-05-29",74,73,73,75,78,75,58,43,29,0,69
"2021-05-30",61,65,64,58,62,62,59,36,32,0,51
"2021-05-31",81,80,79,79,79,81,74,55,28,0,79
"2021-06-01",69,69,68,69,66,63,61,44,32,0,62
"2021-06-02",83,79,79,78,77,74,72,61,33,0,84
"2021-06-03",69,71,75,74,66,66,66,50,27,0,77
"2021-06-04",74,76,69,69,66,69,67,41,27,0,81
"2021-06-05",67,66,68,65,64,62,61,39,22,0,75
"2021-06-06",82,83,82,82,80,83,78,66,23,0,87
"2021-06-07",81,80,79,79,80,80,83,58,18,0,89
"2021-06-08",83,79,84,81,82,83,80,78,0,0,92
"2021-06-09",68,65,67,64,63,62,67,63,0,0,73
"2021-06-10",71,72,69,70,70,70,67,63,2,0,70
"2021-06-11",72,68,70,67,74,73,68,53,2,0,79
"2021-06-12",88,85,89,82,87,85,82,65,17,0,90
"2021-06-13",83,84,85,83,79,87,82,61,19,0,87
"2021-06-14",78,82,80,82,78,81,78,60,21,0,85
"2021-06-15",74,79,75,72,71,71,65,50,17,0,78
"2021-06-16",81,82,79,80,79,78,67,50,17,0,83
"2021-06-17",85,86,86,87,89,85,80,62,35,0,88
"2021-06-18",85,82,83,83,83,85,78,69,39,0,90
"2021-06-19",76,74,74,74,75,73,70,58,27,0,82
"2021-06-20",85,86,82,85,84,85,82,68,27,0,86
"2021-06-21",66,68,68,65,65,64,61,44,20,0,75
"2021-06-22",79,73,77,74,75,71,65,45,22,0,77
"2021-06-23",73,69,72,73,69,65,62,46,24,0,78
"2021-06-24",77,74,79,77,80,75,71,53,32,0,89
"2021-06-25",83,79,78,81,77,81,72,63,36,0,90
"2021-06-26",87,89,89,91,89,86,91,80,45,0,91
"2021-06-27",90,87,90,88,87,90,87,75,34,0,91
"2021-06-28",84,83,81,85,81,82,75,55,30,0,84
"2021-06-29",81,82,83,79,78,79,72,51,30,0,82
"2021-06-30",81,76,77,76,75,74,69,56,29,0,82
"2021-07-01",91,89,85,88,92,89,90,66,41,0,92
"2021-07-02",85,86,85,88,83,83,85,59,32,0,88
"2021-07-03",79,81,77,78,84,83,72,63,31,0,86
"2021-07-04",79,80,74,75,75,71,70,58,36,0,81
"2021-07-05",91,91,92,89,90,89,90,74,31,0,91
"2021-07-06",86,86,85,83,84,80,74,62,36,0,81
"2021-07-07",88,87,89,86,88,80,81,63,37,0,87
"2021-07-08",85,84,87,84,83,84,77,50,39,0,86
"2021-07-09",76,76,78,76,73,72,68,44,40,0,82
"2021-07-10",96,92,95,94,95,95,94,82,53,0,93
"2021-07-11",89,87,92,89,89,87,82,59,37,0,88
"2021-07-12",88,85,91,89,88,86,81,57,35,0,89
"2021-07-13",85,82,83,82,81,79,74,53,29,0,89
"2021-07-14",85,81,84,82,83,80,81,59,32,0,86
"2021-07-15",89,88,88,88,87,86,89,64,34,0,91
"2021-07-16",87,86,87,87,84,86,80,65,31,0,86
"2021-07-17",81,80,80,82,76,77,71,48,18,0,83
"2021-07-18",82,76,77,79,76,79,70,42,30,0,83
"2021-07-19",88,91,88,88,87,87,82,48,40,0,94
"2021-07-20",91,91,86,89,90,90,87,71,35,0,91
"2021-07-21",74,75,79,70,73,74,66,46,28,0,83
"2021-07-22",90,85,94,94,94,91,88,73,32,0,90
"2021-07-23",85,85,85,85,80,82,78,56,30,0,80
"2021-07-24",82,87,81,86,79,85,79,52,39,0,84
"2021-07-25",78,79,81,73,77,73,71,44,36,0,83
"2021-07-26",78,75,85,80,82,78,73,48,32,0,80
"2021-07-27",84,84,83,86,88,87,78,55,33,0,82
"2021-07-28",84,87,81,85,80,80,79,49,29,0,77
"2021-07-29",88,90,83,85,86,82,86,62,24,0,83
"2021-07-30",84,86,84,84,88,85,83,65,5,0,81
"2021-07-31",89,89,89,89,89,88,89,85,0,0,88
"2021-08-01",85,88,85,85,86,88,89,84,0,0,89
"2021-08-02",89,89,86,86,85,88,88,81,0,0,87
"2021-08-03",90,86,88,91,90,89,91,92,0,0,77
"2021-08-04",84,80,87,86,87,83,84,83,0,0,90
"2021-08-05",90,93,91,92,88,93,91,92,0,0,93
"2021-08-06",80,84,78,85,85,82,86,81,0,0,77
"2021-08-07",77,88,82,83,86,86,78,72,0,0,91
"2021-08-08",82,89,88,85,87,89,86,83,0,0,90
"2021-08-09",86,81,85,83,83,83,82,77,3,0,87
"2021-08-10",85,84,84,84,84,84,85,71,25,0,85
"2021-08-11",58,61,63,59,57,56,52,40,12,0,89
"2021-08-12",60,57,57,59,55,57,51,35,11,0,91
"2021-08-13",36,32,30,31,32,30,27,24,13,0,75
"2021-08-14",80,86,73,77,84,88,86,86,42,0,85
"2021-08-15",80,82,79,83,86,86,83,73,16,0,83
"2021-08-16",83,86,83,87,85,86,77,61,21,0,72
"2021-08-17",89,90,91,93,90,88,82,60,24,0,78
"2021-08-18",91,90,90,91,87,84,75,58,17,0,76
"2021-08-19",86,86,84,77,75,67,65,50,20,0,64
"2021-08-20",86,83,82,80,72,74,69,62,32,0,72
"2021-08-21",91,88,87,87,89,83,80,72,38,0,90
"2021-08-22",84,84,85,83,86,85,82,81,49,0,96
"2021-08-23",83,85,87,86,85,87,84,82,42,0,117
"2021-08-24",88,87,90,90,92,87,89,84,32,0,87
"2021-08-25",80,80,83,79,82,82,81,75,34,0,82
"2021-08-26",87,88,90,84,87,88,88,73,33,0,87
"2021-08-27",80,83,83,84,83,82,70,58,23,0,75
"2021-08-28",61,66,68,61,71,62,61,47,15,0,78
"2021-08-29",68,62,69,67,65,66,62,58,19,0,77
"2021-08-30",74,79,76,75,74,76,66,56,25,0,78
"2021-08-31",82,82,83,81,81,79,75,59,40,0,80
"2021-09-01",83,84,83,82,82,78,81,72,51,0,88
"2021-09-02",95,93,94,95,93,95,95,90,45,0,91
"2021-09-03",86,88,87,87,86,85,86,71,40,0,88
"2021-09-04",81,82,83,82,83,80,80,62,31,0,82
"2021-09-05",86,87,84,84,85,85,78,68,34,0,90
"2021-09-06",93,91,91,90,90,85,85,68,35,0,88
"2021-09-07",84,84,85,85,80,82,74,60,28,0,85
"2021-09-08",81,78,83,78,76,84,77,63,29,0,81
"2021-09-09",81,84,80,82,81,82,81,68,30,0,89
"2021-09-10",89,90,90,88,88,88,88,77,38,0,92
"2021-09-11",92,90,89,90,89,89,90,77,38,0,93
"2021-09-12",85,86,87,85,83,86,81,67,28,0,89
"2021-09-13",84,84,81,83,85,84,76,64,27,0,90
"2021-09-14",83,80,82,78,81,80,76,70,29,0,84
"2021-09-15",85,85,87,85,87,83,83,69,37,0,90
"2021-09-16",79,77,80,82,81,76,73,56,22,0,82
"2021-09-17",82,80,74,83,82,84,84,68,33,0,92
"2021-09-18",89,87,88,89,91,89,86,73,32,0,91
"2021-09-19",88,80,83,86,83,84,82,66,31,0,89
"2021-09-20",80,85,85,86,81,84,83,70,30,0,88
"2021-09-21",89,86,90,89,88,87,87,68,31,0,93
"2021-09-22",82,87,86,85,83,81,78,62,31,0,91
"2021-09-23",90,85,84,87,83,81,80,62,30,0,88
"2021-09-24",87,87,90,87,86,86,83,72,32,0,92
"2021-09-25",80,82,85,80,80,80,76,59,23,0,82
"2021-09-26",75,72,77,77,79,76,76,58,21,0,83
"2021-09-27",89,86,90,90,91,87,88,65,32,0,90
"2021-09-28",90,90,89,89,87,91,85,73,34,0,92
"2021-09-29",84,88,85,88,86,85,81,67,28,0,90
"2021-09-30",83,77,80,80,80,76,73,58,25,0,82
"2021-10-01",88,90,92,89,89,87,85,61,32,0,92
"2021-10-02",86,85,84,87,85,88,88,66,38,0,92
"2021-10-03",87,88,91,87,90,87,84,63,34,0,88
"2021-10-04",91,90,89,94,92,92,91,65,48,0,93
"2021-10-05",41,41,41,43,41,41,40,34,24,0,45
"2021-10-06",83,85,82,82,84,81,80,62,37,0,105
"2021-10-07",84,84,82,82,83,86,82,67,40,0,86
"2021-10-08",81,82,81,84,84,80,75,54,39,0,89
"2021-10-09",82,84,82,84,82,80,80,56,35,0,87
"2021-10-10",79,76,80,80,80,76,76,52,39,0,87
"2021-10-11",82,82,83,81,77,73,74,57,39,0,89
"2021-10-12",81,83,86,85,83,84,77,63,36,0,91
"2021-10-13",73,73,73,73,71,72,68,56,29,0,79
"2021-10-14",81,85,82,83,84,77,78,60,31,0,88
"2021-10-15",82,84,86,81,85,80,81,58,25,0,85
"2021-10-16",90,88,92,85,88,87,89,66,29,0,94
"2021-10-17",80,83,85,81,86,80,72,53,24,0,86
"2021-10-18",82,83,85,82,80,80,73,53,24,0,86
"2021-10-19",85,86,84,84,85,78,81,60,31,0,88
"2021-10-20",83,79,84,85,86,82,79,58,31,0,94
"2021-10-21",75,74,76,76,75,75,71,55,32,0,80
"2021-10-22",83,82,85,81,82,78,81,60,27,0,91
"2021-10-23",82,81,79,81,82,82,78,63,32,0,88
"2021-10-24",83,86,87,85,78,79,74,55,33,0,90
"2021-10-25",87,89,86,88,88,88,77,60,29,0,91
"2021-10-26",77,76,72,73,73,74,67,44,20,0,82
"2021-10-27",70,71,70,71,72,63,67,38,13,0,77
"2021-10-28",70,77,76,76,71,74,74,49,17,0,81
"2021-10-29",79,77,80,76,75,77,63,68,3,0,87
"2021-10-30",79,80,81,82,83,79,82,74,0,0,85
"2021-10-31",95,92,90,93,90,94,91,85,0,0,90
"2021-11-01",82,81,79,87,81,87,86,82,0,0,83
"2021-11-02",85,84,82,90,88,85,91,85,0,0,91
"2021-11-03",90,87,91,93,88,88,93,90,0,0,99
"2021-11-04",86,81,81,86,85,80,88,82,13,0,116
"2021-11-05",80,81,82,85,85,77,83,77,24,0,86
"2021-11-06",85,83,81,83,81,80,75,66,24,0,88
"2021-11-07",81,81,75,84,77,77,75,72,32,0,85
"2021-11-08",86,87,86,87,80,81,82,76,28,0,82
"2021-11-09",90,88,86,85,81,81,75,68,24,0,80
"2021-11-10",34,39,39,39,35,35,32,28,5,0,38
"2021-11-11",5,5,6,7,9,8,7,6,1,0,7
"2021-11-12",9,9,6,8,7,7,6,6,2,0,8
"2021-11-13",50,54,53,58,55,56,58,53,25,0,65
"2021-11-14",80,81,75,85,77,84,77,71,31,0,91
"2021-11-15",77,77,77,76,74,78,74,66,35,0,98
"2021-11-16",89,88,91,91,89,93,89,81,44,0,135
"2021-11-17",84,81,79,79,78,74,78,56,21,0,76
"2021-11-18",79,79,81,79,79,74,79,75,35,0,99
"2021-11-19",84,86,86,82,83,83,77,76,27,0,87
"2021-11-20",94,91,91,83,87,89,88,76,32,0,93
"2021-11-21",91,90,92,90,88,87,85,75,33,0,92
"2021-11-22",85,85,88,79,83,82,76,69,29,0,83
"2021-11-23",87,90,91,86,85,82,81,71,30,0,84
"2021-11-24",91,92,88,89,88,81,85,71,37,0,87
"2021-11-25",84,89,88,85,87,86,84,70,37,0,89
"2021-11-26",72,73,72,74,74,71,67,57,35,0,79
"2021-11-27",86,88,86,84,84,82,79,72,36,0,87
"2021-11-28",71,68,69,67,63,68,60,46,26,0,79
"2021-11-29",78,78,82,76,72,74,74,53,29,0,82
"2021-11-30",88,87,89,91,86,83,85,68,45,0,93
"2021-12-01",81,83,82,83,87,83,85,78,41,0,103
"2021-12-02",80,80,74,79,79,79,74,58,29,0,80
"2021-12-03",69,72,70,69,65,66,68,48,27,0,73
"2021-12-04",91,88,84,89,89,88,83,73,49,0,89
"2021-12-05",84,85,85,84,84,79,79,65,40,0,90
"2021-12-06",89,90,87,87,80,79,77,66,33,0,86
"2021-12-07",88,85,79,89,81,81,80,66,35,0,83
"2021-12-08",84,86,85,83,78,84,80,64,37,0,90
"2021-12-09",80,80,82,82,75,75,70,57,41,0,75
"2021-12-10",81,86,83,81,81,80,77,65,36,0,88
"2021-12-11",73,73,74,71,66,67,69,45,29,0,65
"2021-12-12",80,85,82,81,75,80,80,61,35,0,88
"2021-12-13",87,88,88,88,89,90,85,72,39,0,89
"2021-12-14",81,86,85,83,83,82,80,66,23,0,88
"2021-12-15",92,90,91,90,91,90,88,77,33,0,93
"2021-12-16",88,86,87,88,87,84,79,61,22,0,92
"2021-12-17",79,74,80,79,78,70,73,52,21,0,85
"2021-12-18",81,81,80,78,80,78,77,51,16,0,83
"2021-12-19",87,87,85,85,90,89,89,73,38,0,93
"2021-12-20",89,89,89,90,90,86,86,78,26,0,91
"2021-12-21",85,86,84,83,83,80,78,56,26,0,89
"2021-12-22",87,83,88,88,86,82,80,68,31,0,92
"2021-12-23",87,86,85,86,83,86,80,64,37,0,90
"2021-12-24",80,81,82,80,81,80,79,56,34,0,86
"2021-12-25",73,72,69,74,68,72,62,48,29,0,85
"2021-12-26",77,80,76,76,78,75,70,52,40,0,86
"2021-12-27",95,94,94,94,94,91,91,71,42,0,91
"2021-12-28",80,80,80,76,75,75,71,56,35,0,83
"2021-12-29",86,85,85,82,85,82,75,66,39,0,88
"2021-12-30",85,81,87,84,81,85,75,57,35,0,90
"2021-12-31",83,81,81,82,75,77,75,52,38,0,90
"2022-01-01",87,86,84,79,76,82,72,57,29,0,75
"2022-01-02",70,68,79,81,80,75,78,59,28,0,77
"2022-01-03",85,86,84,80,80,83,77,64,32,0,83
"2022-01-04",86,87,89,87,87,81,78,53,28,0,69
"2022-01-05",90,92,92,88,90,91,86,63,21,0,95
"2022-01-06",130,133,127,129,129,121,120,86,18,0,128
"2022-01-07",94,90,100,92,92,91,87,57,16,0,113
"2022-01-08",155,158,159,155,157,150,146,120,27,0,168
"2022-01-09",139,140,136,133,128,131,122,76,31,0,141
"2022-01-10",98,101,97,100,96,94,89,61,29,0,112
"2022-01-11",124,126,123,120,123,121,117,68,52,0,148
"2022-01-12",129,132,132,128,123,122,122,70,37,0,152
"2022-01-13",148,142,146,147,135,140,123,86,46,0,154
"2022-01-14",137,141,138,127,131,126,118,78,46,0,157
"2022-01-15",130,129,123,132,124,125,119,75,52,0,146
"2022-01-16",138,141,135,132,137,129,119,78,55,0,156
"2022-01-17",78,79,76,81,76,78,65,48,31,0,88
"2022-01-18",99,98,104,99,97,93,91,54,40,0,112
"2022-01-19",93,99,96,100,99,90,82,53,30,0,125
"2022-01-20",101,97,94,101,101,90,92,62,31,0,105
"2022-01-21",147,149,144,142,144,138,140,103,28,0,157
"2022-01-22",134,135,140,132,129,137,130,82,22,0,151
"2022-01-23",156,159,156,153,151,157,145,107,31,0,178
"2022-01-24",151,147,155,145,149,137,120,89,33,0,142
"2022-01-25",140,132,122,123,126,117,104,68,39,0,136
"2022-01-26",124,121,126,126,127,120,109,67,51,0,139
"2022-01-27",110,115,105,108,105,107,100,68,47,0,123
"2022-01-28",59,58,53,62,62,66,62,44,41,0,72
"2022-01-29",120,119,117,117,113,110,103,67,47,0,132
"2022-01-30",102,104,97,96,100,97,93,57,44,0,115
"2022-01-31",79,76,74,79,76,80,79,64,47,0,102
"2022-02-01",91,91,89,86,91,89,86,56,45,0,101
"2022-02-02",88,85,84,82,84,81,77,54,43,0,93
"2022-02-03",84,86,87,81,84,83,77,54,38,0,94
"2022-02-04",86,83,86,86,87,89,78,54,41,0,93
"2022-02-05",88,85,87,87,88,85,85,62,37,0,88
"2022-02-06",83,85,86,86,82,83,78,52,32,0,84
"2022-02-07",90,90,88,88,88,87,85,63,32,0,88
"2022-02-08",88,88,90,87,86,89,86,62,23,0,92
"2022-02-09",91,89,89,91,90,88,90,70,29,0,89
"2022-02-10",90,89,89,88,83,82,78,56,26,0,79
"2022-02-11",85,85,84,83,83,89,84,62,28,0,85
"2022-02-12",89,89,85,84,84,87,78,55,24,0,77
"2022-02-13",84,85,84,88,89,91,85,67,36,0,87
"2022-02-14",87,87,89,87,86,87,83,57,36,0,85
"2022-02-15",80,80,78,78,78,75,71,54,34,0,79
"2022-02-16",79,81,80,81,79,79,73,47,32,0,68
"2022-02-17",79,81,82,79,79,79,70,49,28,0,83
"2022-02-18",87,86,81,85,83,82,77,55,27,0,79
"2022-02-19",82,86,85,83,87,85,84,56,25,0,88
"2022-02-20",88,88,85,87,86,85,84,68,20,0,88
"2022-02-21",88,89,89,89,88,87,84,70,30,0,83
"2022-02-22",87,88,91,89,88,89,83,68,29,0,84
"2022-02-23",92,87,91,88,89,85,84,63,30,0,86
"2022-02-24",86,84,83,85,83,84,79,50,37,0,83
"2022-02-25",86,83,86,87,86,85,81,60,40,0,86
"2022-02-26",83,85,91,84,88,81,77,51,42,0,75
"2022-02-27",86,85,83,86,86,80,78,57,43,0,73
"2022-02-28",81,86,81,84,82,81,74,55,46,0,87
"2022-03-01",84,82,83,83,81,82,83,58,48,0,85
"2022-03-02",79,80,79,77,78,75,70,46,38,0,79
"2022-03-03",85,85,82,83,83,83,75,57,37,0,82
"2022-03-04",86,87,86,86,84,82,79,52,35,0,75
"2022-03-05",94,91,82,79,81,83,76,56,22,0,80
"2022-03-06",86,86,88,83,85,82,86,57,21,0,74
"2022-03-07",86,83,87,84,86,86,84,62,15,0,79
"2022-03-08",82,83,80,78,80,82,78,65,15,0,58
"2022-03-09",81,80,85,82,86,86,78,68,14,0,84
"2022-03-10",80,78,78,68,70,60,24,79,18,0,62
"2022-03-11",59,60,56,54,48,52,24,65,18,0,83
"2022-03-12",69,74,74,74,70,73,54,72,19,0,83
"2022-03-13",64,70,68,69,76,74,70,53,16,0,77
"2022-03-14",85,86,86,84,90,86,69,67,26,0,77
"2022-03-15",84,88,86,85,82,80,49,51,18,0,67
"2022-03-16",83,82,84,80,82,80,67,53,15,0,72
"2022-03-17",82,80,81,82,88,78,67,71,17,0,77
"2022-03-18",96,98,100,103,96,101,89,91,32,0,96
"2022-03-19",110,113,114,115,111,111,112,93,30,0,109
"2022-03-20",126,123,124,124,124,120,115,88,42,0,121
"2022-03-21",127,128,125,124,125,113,107,74,50,0,113
"2022-03-22",114,109,105,105,97,85,79,55,35,0,91
"2022-03-23",111,106,105,101,103,93,83,62,46,0,103
"2022-03-24",118,115,116,110,108,113,112,84,54,0,115
"2022-03-25",107,110,105,106,108,108,102,77,47,0,120
"2022-03-26",112,109,108,112,107,102,106,77,50,0,121
"2022-03-27",102,104,97,99,101,98,91,66,48,0,108
"2022-03-28",96,99,101,102,101,97,94,65,47,0,105
"2022-03-29",101,105,100,99,99,99,93,64,43,0,107
"2022-03-30",98,102,98,100,100,94,89,66,43,0,105
"2022-03-31",78,76,82,81,85,87,83,59,37,0,111
"2022-04-01",112,114,110,111,109,108,104,76,37,0,115
"2022-04-02",112,115,114,117,116,116,108,94,31,0,119
"2022-04-03",116,117,125,119,119,119,120,96,29,0,121
"2022-04-04",115,109,115,106,109,102,106,87,26,0,114
"2022-04-05",105,102,104,100,100,96,98,74,25,0,107
"2022-04-06",115,111,112,115,115,114,109,85,33,0,117
"2022-04-07",106,110,111,102,104,103,99,75,42,0,115
"2022-04-08",111,118,110,110,110,113,103,71,45,0,117
"2022-04-09",109,105,109,108,107,107,97,69,43,0,117
"2022-04-10",106,103,106,107,106,102,99,65,47,0,109
"2022-04-11",102,97,98,95,97,97,88,56,42,0,108
"2022-04-12",100,101,95,108,106,104,101,65,44,0,114
"2022-04-13",108,106,109,113,105,109,105,71,51,0,113
"2022-04-14",109,111,109,120,109,106,100,72,55,0,118
"2022-04-15",91,103,93,94,97,93,94,63,47,0,106
"2022-04-16",111,113,108,109,108,108,100,70,47,0,113
"2022-04-17",104,104,102,104,103,104,98,60,48,0,114
"2022-04-18",113,115,111,107,109,102,101,71,49,0,117
"2022-04-19",108,106,106,104,107,102,96,65,47,0,113
"2022-04-20",110,107,113,101,112,108,95,67,41,0,111
"2022-04-21",105,110,110,108,106,104,96,64,39,0,116
"2022-04-22",101,96,96,94,102,90,94,66,25,0,108
"2022-04-23",102,106,110,109,102,102,102,67,28,0,109
"2022-04-24",103,99,104,104,105,104,105,74,30,0,110
"2022-04-25",115,115,114,112,111,108,113,87,34,0,109
"2022-04-26",106,115,109,112,112,107,104,81,20,0,108
"2022-04-27",123,119,123,120,119,115,117,83,24,0,124
"2022-04-28",105,105,108,98,107,98,96,67,25,0,108
"2022-04-29",107,108,104,105,112,105,94,57,30,0,112
"2022-04-30",110,115,115,112,118,112,103,64,38,0,117
"2022-05-01",102,96,105,100,110,94,90,58,34,0,110
"2022-05-02",102,96,101,95,98,93,85,53,36,0,106
"2022-05-03",106,104,107,109,112,99,87,56,41,0,116
"2022-05-04",108,106,109,105,103,102,94,59,40,0,115
"2022-05-05",106,111,102,105,109,95,93,62,40,0,110
"2022-05-06",105,102,108,100,107,102,97,57,34,0,110
"2022-05-07",100,103,101,107,104,101,84,59,33,0,114
"2022-05-08",106,108,102,104,104,100,87,57,38,0,97
"2022-05-09",100,102,102,101,102,99,91,65,26,0,107
"2022-05-10",94,91,89,89,88,87,80,49,25,0,97
"2022-05-11",117,117,121,116,115,117,102,80,42,0,126
"2022-05-12",115,111,115,115,111,111,101,71,28,0,119
"2022-05-13",106,110,111,105,106,102,89,61,37,0,112
"2022-05-14",107,114,108,113,109,103,92,68,52,0,113
"2022-05-15",106,111,106,111,108,106,99,67,48,0,114
"2022-05-16",105,103,106,105,102,102,94,70,51,0,116
"2022-05-17",104,102,105,106,102,97,91,66,45,0,107
"2022-05-18",100,109,105,103,106,105,96,71,53,0,113
"2022-05-19",111,107,111,111,112,108,101,77,49,0,117
"2022-05-20",96,98,97,92,94,102,85,60,40,0,102
"2022-05-21",108,103,109,101,103,104,92,69,43,0,114
"2022-05-22",105,107,107,107,113,108,95,60,38,0,117
"2022-05-23",107,109,110,106,110,106,94,66,40,0,113
"2022-05-24",114,115,117,113,118,119,95,67,38,0,115
"2022-05-25",111,113,112,109,111,113,93,63,38,0,117
"2022-05-26",100,97,100,100,97,97,85,47,24,0,101
"2022-05-27",111,107,107,112,104,108,88,60,26,0,108
"2022-05-28",109,103,108,110,109,106,98,60,27,0,111
"2022-05-29",108,114,113,105,108,105,92,69,28,0,115
"2022-05-30",108,114,107,105,109,109,90,63,31,0,114
"2022-05-31",95,97,93,93,95,96,81,57,29,0,106
"2022-06-01",115,112,114,119,113,113,99,78,41,0,118
"2022-06-02",107,111,110,109,106,96,88,69,39,0,110
"2022-06-03",108,103,105,107,105,100,78,65,31,0,108
"2022-06-04",111,112,107,107,105,107,88,67,47,0,118
"2022-06-05",111,109,111,110,108,103,91,70,39,0,114
"2022-06-06",96,92,94,94,91,92,79,49,28,0,100
"2022-06-07",107,110,107,104,107,105,94,66,34,0,109
"2022-06-08",113,112,115,111,112,116,93,69,26,0,115
"2022-06-09",104,106,106,104,99,106,91,64,30,0,114
"2022-06-10",106,112,111,113,102,102,86,61,20,0,109
"2022-06-11",109,115,107,106,101,106,94,70,19,0,111
"2022-06-12",114,115,115,112,110,108,101,67,23,0,112
"2022-06-13",103,111,108,102,111,106,105,67,22,0,106
"2022-06-14",115,109,116,107,116,114,103,76,22,0,115
"2022-06-15",107,107,107,108,110,107,97,72,24,0,107
"2022-06-16",101,107,101,98,108,102,85,61,30,0,105
"2022-06-17",101,102,107,101,113,99,80,61,25,0,112
"2022-06-18",93,95,97,87,94,95,77,55,38,0,111
"2022-06-19",107,108,110,107,106,100,87,71,35,0,114
"2022-06-20",61,62,59,60,65,60,41,30,17,0,74
"2022-06-21",94,90,95,97,92,91,72,51,26,0,99
"2022-06-22",115,119,118,118,117,115,106,73,29,0,123
"2022-06-23",104,108,107,107,106,108,94,74,21,0,112
"2022-06-24",110,109,115,115,108,109,89,75,32,0,107
"2022-06-25",74,75,76,79,75,67,56,42,23,0,88
"2022-06-26",123,120,117,120,109,111,88,71,41,0,125
"2022-06-27",108,108,107,106,111,102,94,73,41,0,115
"2022-06-28",118,118,116,117,115,111,91,76,40,0,121
"2022-06-29",105,110,107,105,100,96,83,65,43,0,104
"2022-06-30",116,118,116,116,107,111,89,71,49,0,114
"2022-07-01",107,109,112,112,108,109,92,79,54,0,116
"2022-07-02",106,104,103,104,101,100,95,72,52,0,108
"2022-07-03",100,97,92,100,93,89,82,68,44,0,106
"2022-07-04",94,96,103,97,97,90,80,65,45,0,101
"2022-07-05",105,102,110,96,113,114,96,78,58,0,95
"2022-07-06",106,103,101,103,98,98,88,63,39,0,101
"2022-07-07",102,96,100,100,98,92,82,63,36,0,104
"2022-07-08",110,113,108,113,108,100,90,66,34,0,113
"2022-07-09",112,110,109,112,104,105,96,72,21,0,93
"2022-07-10",110,111,103,115,106,104,93,62,16,0,101
"2022-07-11",97,96,96,93,97,91,97,61,12,0,108
"2022-07-12",108,110,104,109,104,102,99,51,14,0,110
"2022-07-13",114,113,111,114,110,109,112,79,18,0,117
"2022-07-14",121,115,122,115,121,118,105,77,20,0,116
"2022-07-15",98,102,99,100,94,91,80,54,20,0,88
"2022-07-16",102,109,109,106,105,101,94,64,30,0,101
"2022-07-17",107,111,111,109,106,101,86,69,41,0,111
"2022-07-18",102,99,109,103,100,110,88,66,41,0,101
"2022-07-19",105,107,106,102,90,102,86,75,41,0,112
"2022-07-20",101,104,94,110,108,115,80,66,45,0,103
"2022-07-21",98,100,99,96,100,100,83,67,45,0,104
"2022-07-22",103,104,105,105,107,106,94,74,40,0,109
"2022-07-23",101,94,97,101,92,90,76,57,37,0,101
"2022-07-24",89,86,85,91,85,89,80,64,41,0,97
"2022-07-25",116,118,118,117,118,110,94,80,33,0,103
"2022-07-26",81,89,89,83,88,82,74,50,20,0,86
"2022-07-27",83,87,86,85,80,81,71,46,18,0,92
"2022-07-28",126,124,120,126,123,126,117,91,23,0,122
"2022-07-29",77,80,78,76,75,74,68,54,16,0,76
"2022-07-30",103,102,104,107,100,105,96,67,16,0,96
"2022-07-31",116,116,114,109,117,107,98,64,19,0,102
"2022-08-01",110,106,107,109,107,105,90,59,28,0,114
"2022-08-02",102,101,105,100,96,90,82,63,32,0,110
"2022-08-03",113,118,115,113,114,108,88,72,42,0,93
"2022-08-04",112,108,112,109,111,106,93,78,51,0,118
"2022-08-05",111,115,118,113,113,111,98,81,47,0,116
"2022-08-06",111,111,108,104,104,105,91,67,44,0,100
"2022-08-07",94,93,91,89,88,86,72,55,42,0,99
"2022-08-08",100,103,102,97,97,92,85,70,42,0,102
"2022-08-09",110,113,113,113,111,111,94,80,47,0,111
"2022-08-10",115,115,113,118,117,117,98,75,37,0,108
"2022-08-11",84,84,85,84,85,80,62,46,23,0,88
"2022-08-12",84,85,85,85,85,85,69,49,26,0,106
"2022-08-13",128,128,129,131,132,127,126,89,24,0,128
"2022-08-14",95,94,94,96,98,91,84,58,18,0,95
"2022-08-15",93,98,96,97,97,91,81,63,13,0,99
"2022-08-16",120,121,129,125,119,119,105,80,31,0,123
"2022-08-17",115,120,117,115,116,112,101,83,51,0,114
"2022-08-18",105,104,98,102,103,99,90,65,43,0,108
"2022-08-19",81,76,77,80,76,73,66,51,36,0,91
"2022-08-20",108,101,102,107,100,107,92,74,47,0,110
"2022-08-21",116,115,114,112,114,114,104,85,50,0,113
"2022-08-22",109,106,104,103,104,103,84,71,36,0,113
"2022-08-23",105,106,102,103,106,93,87,68,35,0,110
"2022-08-24",113,117,120,109,115,110,96,70,39,0,112
"2022-08-25",108,108,115,114,110,108,94,76,32,0,114
"2022-08-26",101,108,106,103,94,101,90,69,27,0,106
"2022-08-27",111,111,110,105,105,101,91,68,21,0,107
"2022-08-28",107,109,105,111,110,101,99,72,23,0,106
"2022-08-29",110,112,106,108,113,112,94,69,22,0,115
"2022-08-30",105,100,104,101,101,99,85,58,25,0,104
"2022-08-31",82,79,77,74,76,70,69,42,17,0,96
"2022-09-01",116,122,121,118,119,122,117,74,25,0,119
"2022-09-02",114,115,113,117,109,110,108,79,21,0,110
"2022-09-03",108,112,108,110,100,100,86,64,23,0,106
"2022-09-04",109,109,114,109,109,104,86,70,30,0,116
"2022-09-05",113,112,108,102,99,104,91,72,39,0,110
"2022-09-06",108,114,104,107,110,105,97,70,42,0,112
"2022-09-07",94,93,102,95,98,91,82,65,39,0,105
"2022-09-08",99,104,106,98,99,93,80,70,43,0,108
"2022-09-09",122,114,121,120,118,110,98,77,50,0,119
"2022-09-10",102,108,108,112,112,107,88,72,35,0,112
"2022-09-11",110,113,110,114,111,108,97,69,27,0,108
"2022-09-12",115,108,114,104,109,109,101,69,18,0,115
"2022-09-13",98,100,99,99,102,99,90,54,14,0,108
"2022-09-14",108,110,111,112,113,106,95,66,22,0,105
"2022-09-15",105,110,107,104,106,102,93,62,16,0,112
"2022-09-16",113,115,115,113,110,106,98,72,21,0,116
"2022-09-17",105,107,106,102,105,101,89,63,29,0,110
"2022-09-18",111,107,111,109,107,107,91,63,19,0,117
"2022-09-19",108,108,112,105,110,102,95,67,18,0,112
"2022-09-20",101,98,99,105,96,96,87,52,16,0,101
"2022-09-21",107,106,110,102,103,109,90,62,18,0,111
"2022-09-22",116,116,119,111,114,108,107,69,16,0,115
"2022-09-23",118,113,111,114,111,115,110,71,18,0,113
"2022-09-24",104,107,112,104,108,107,102,59,11,0,107
"2022-09-25",100,99,103,103,98,103,91,59,12,0,110
"2022-09-26",119,119,116,121,112,115,105,81,13,0,114
"2022-09-27",107,100,103,104,98,100,82,53,26,0,112
"2022-09-28",95,98,97,90,94,96,79,67,34,0,101
"2022-09-29",94,94,98,94,91,95,83,62,37,0,104
"2022-09-30",102,106,108,103,109,95,93,80,41,0,107
"2022-10-01",89,93,92,94,93,91,71,58,30,0,94
"2022-10-02",116,121,119,117,121,120,91,75,35,0,127
"2022-10-03",111,107,111,111,117,114,100,84,40,0,125
"2022-10-04",87,85,89,88,90,87,74,63,27,0,95
"2022-10-05",117,121,122,119,119,112,94,77,43,0,118
"2022-10-06",118,116,114,103,110,106,91,77,41,0,117
"2022-10-07",115,111,114,109,109,108,92,83,40,0,109
"2022-10-08",106,106,107,99,100,99,89,73,33,0,107
"2022-10-09",116,114,116,113,113,107,89,74,43,0,117
"2022-10-10",105,106,100,106,105,98,80,69,34,0,106
"2022-10-11",97,102,99,98,100,94,80,63,29,0,104
"2022-10-12",115,117,116,115,114,116,96,81,31,0,113
"2022-10-13",108,110,104,106,97,99,78,68,32,0,100
"2022-10-14",105,105,107,106,107,101,88,61,22,0,111
"2022-10-15",108,106,107,109,106,106,88,63,22,0,116
"2022-10-16",115,115,109,114,111,109,104,71,14,0,115
"2022-10-17",112,110,111,115,104,108,107,80,29,0,107
"2022-10-18",112,114,110,108,114,112,98,65,17,0,114
"2022-10-19",110,114,109,109,102,97,83,68,30,0,111
"2022-10-20",103,95,102,101,104,100,86,72,43,0,104
"2022-10-21",106,108,108,116,106,96,95,76,52,0,110
"2022-10-22",106,107,106,106,105,103,93,74,46,0,105
"2022-10-23",104,99,103,100,101,101,95,70,49,0,108
"2022-10-24",113,111,112,109,108,108,99,74,52,0,114
"2022-10-25",104,95,98,98,99,96,93,70,44,0,109
"2022-10-26",109,114,110,111,104,105,87,78,49,0,110
"2022-10-27",113,112,110,114,111,110,91,81,47,0,111
"2022-10-28",98,103,102,99,97,99,92,67,32,0,105
"2022-10-29",106,110,105,105,106,104,97,69,26,0,111
"2022-10-30",119,116,113,119,111,114,108,82,24,0,109
"2022-10-31",119,117,119,114,115,116,104,79,21,0,115
"2022-11-01",112,104,109,105,108,108,95,67,19,0,107
"2022-11-02",111,114,112,114,108,111,95,72,29,0,111
"2022-11-03",102,103,109,107,101,103,90,70,32,0,105
"2022-11-04",113,110,115,113,110,100,95,76,39,0,105
"2022-11-05",99,90,93,96,94,85,83,63,32,0,100
"2022-11-06",101,103,94,100,95,101,86,62,37,0,111
"2022-11-07",103,106,103,102,101,103,92,64,28,0,108
"2022-11-08",115,114,116,109,115,111,103,76,29,0,116
"2022-11-09",103,110,115,107,109,112,97,66,19,0,107
"2022-11-10",97,91,89,93,89,90,81,57,17,0,96
"2022-11-11",120,116,114,115,104,114,95,63,17,0,111
"2022-11-12",122,118,125,120,124,115,110,77,23,0,116
"2022-11-13",111,108,111,106,106,115,96,69,17,0,110
"2022-11-14",109,103,108,104,104,108,88,63,18,0,105
"2022-11-15",111,108,109,106,111,106,87,65,18,0,115
"2022-11-16",124,121,119,117,113,113,104,78,28,0,121
"2022-11-17",114,112,102,112,104,104,97,73,38,0,114
"2022-11-18",93,95,93,93,95,88,85,61,29,0,97
"2022-11-19",105,108,107,103,103,98,91,69,36,0,106
"2022-11-20",102,111,100,108,103,92,85,63,40,0,107
"2022-11-21",100,98,102,97,102,103,82,63,28,0,106
"2022-11-22",114,113,108,105,112,105,98,74,26,0,116
"2022-11-23",113,107,110,110,109,111,95,64,17,0,115
"2022-11-24",117,121,123,116,112,115,115,77,18,0,116
"2022-11-25",105,109,109,103,104,108,94,64,14,0,108
"2022-11-26",121,116,119,111,114,113,92,68,16,0,115
"2022-11-27",107,112,108,104,107,106,84,69,21,0,108
"2022-11-28",115,115,113,118,114,115,102,81,32,0,112
"2022-11-29",95,97,98,98,91,84,77,52,29,0,99
"2022-11-30",110,108,111,110,110,105,91,78,40,0,106
"2022-12-01",108,112,109,109,99,102,96,78,42,0,113
"2022-12-02",49,46,49,44,46,46,37,36,16,0,48
